<?xml version="1.0"?>
<doc>
    <assembly>
        <name>ACloudFileFormat</name>
    </assembly>
    <members>
        <member name="M:ACloudFileFormat.CommonMethod.CombineSpectrumDatas(System.Collections.Generic.IList{System.Double[]})">
            <summary>
            合并光谱列表中的Y轴数据
            </summary>
            <param name="fileDatas">Y轴数据列表</param>
            <returns>合并Y轴数据</returns>
        </member>
        <member name="M:ACloudFileFormat.CommonMethod.CopyDataArrayFromIntptrAndFree``1(System.IntPtr@,System.Int32)">
            <summary>
            从内存中拷贝float数据，并且释放内存
            </summary>
            <param name="ptrData">内存数据</param>
            <param name="dataSize">数据大小(float)</param>
            <returns></returns>
        </member>
        <member name="M:ACloudFileFormat.CommonMethod.CopyFloatFromIntptrAndFree(System.IntPtr@,System.Int32)">
            <summary>
            从内存中拷贝float数据，并且释放内存
            </summary>
            <param name="ptrData">内存数据</param>
            <param name="dataSize">数据大小(float)</param>
            <returns></returns>
        </member>
        <member name="M:ACloudFileFormat.CommonMethod.CopyDoubleFromIntptrAndFree(System.IntPtr@,System.Int32)">
            <summary>
            从内存中拷贝double数据，并且释放内存
            </summary>
            <param name="ptrData">内存数据</param>
            <param name="dataSize">数据大小(double)</param>
            <returns></returns>
        </member>
        <member name="M:ACloudFileFormat.CommonMethod.CopyByteFromIntptrAndFree(System.IntPtr@,System.Int32)">
            <summary>
            从内存中拷贝Byte数据，并且释放内存
            </summary>
            <param name="ptrData">内存数据</param>
            <param name="dataSize">数据大小(byte)</param>
            <returns></returns>
        </member>
        <member name="M:ACloudFileFormat.CommonMethod.CopyIntFromIntptrAndFree(System.IntPtr@,System.Int32)">
            <summary>
            从内存中拷贝Int数据，并且释放内存
            </summary>
            <param name="ptrData">内存数据</param>
            <param name="dataSize">数据大小(byte)</param>
            <returns></returns>
        </member>
        <member name="M:ACloudFileFormat.CommonMethod.Is64BitVersion">
            <summary>
            判断是否为64为版本调用
            </summary>
        </member>
        <member name="M:ACloudFileFormat.CommonMethod.ConvertFixedByteToString(System.Byte*,System.Int32)">
            <summary>
            把byte*转换为string
            </summary>
            <param name="data">byte*数据</param>
            <param name="size">数据大小</param>
        </member>
        <member name="M:ACloudFileFormat.CommonMethod.ConvertStringToFixedByte(System.String,System.Byte*,System.Int32)">
            <summary>
            把byte*转换为string
            </summary>
            <param name="data">byte*数据</param>
            <param name="size">数据大小</param>
        </member>
        <member name="M:ACloudFileFormat.CommonMethod.ConvertStringToByteArray(System.String,System.Byte[],System.Int32,System.Text.Encoding)">
            <summary>
            把byte*转换为string
            </summary>
            <param name="data">byte*数据</param>
            <param name="size">数据大小</param>
        </member>
        <member name="M:ACloudFileFormat.CommonMethod.CovertByteArrayToString(System.Byte[],System.Text.Encoding)">
            <summary>
            将字节数组转换为String
            </summary>
            <param name="byteBuffer">字节数组</param>
            <param name="encoding">编码方式</param>
        </member>
        <member name="M:ACloudFileFormat.CommonMethod.ConvertFixedByteToByteArrayaaa(System.Byte*,System.Int32)">
            <summary>
            把byte*转换为byte[]
            </summary>
            <param name="data">byte*数据</param>
            <param name="size">数据大小</param>
        </member>
        <member name="M:ACloudFileFormat.CommonMethod.ConvertByteArrayToFixedByte(System.Byte[],System.Byte*,System.Int32)">
            <summary>
            把byte[]转换为byte*
            </summary>
            <param name="data">byte[]数据</param>
            <param name="size">数据大小</param>
        </member>
        <member name="M:ACloudFileFormat.CommonMethod.ReadBinaryFile(System.String)">
            <summary>
            读取全部文件内容
            </summary>
            <param name="filename">文件名</param>
            <returns>文件内容</returns>
        </member>
        <member name="M:ACloudFileFormat.CommonMethod.SaveBinaryFile(System.String,System.Byte[])">
            <summary>
            将数据写入文件
            </summary>
            <param name="filename">写入文件名</param>
            <param name="fileData">文件内容</param>
        </member>
        <member name="M:ACloudFileFormat.CommonMethod.CopyStructureFromIntptrAndFree``1(System.IntPtr@,System.Boolean@)">
            <summary>
            将内存复制到struct中,并释放
            </summary>
            <typeparam name="T"></typeparam>
            <param name="dataPtr"></param>
            <returns></returns>
        </member>
        <member name="T:ACloudFileFormat.ZipStreamReader">
            <summary>
            自定义读取流
            </summary>
        </member>
        <member name="M:ACloudFileFormat.ZipStreamReader.#ctor(System.IO.Stream,System.Int64)">
            <summary>
            直接使用原始流。
            </summary>
            <param name="startPos">流的起始位置</param>
            <param name="stream">原始流</param>
        </member>
        <member name="P:ACloudFileFormat.ZipStreamReader.Length">
            <summary>
            自定义流剩余长度。
            </summary>
        </member>
        <member name="P:ACloudFileFormat.ZipStreamReader.Position">
            <summary>
            自定义流位置，返回原始流的位置
            </summary>
        </member>
        <member name="M:ACloudFileFormat.DataCompressFile.PublicEncryptData32(System.Byte[],System.Int32,System.String,System.Int32@)">
            <summary>
            公用加密
            </summary>
            <param name="dataToEncrypt">需要加密的数据</param>
            <param name="lenData">数据长度</param>
            <param name="encryptKey">密码</param>
            <param name="outDataSize">返回数据大小(BYTE)</param>
            <returns></returns>
        </member>
        <member name="M:ACloudFileFormat.DataCompressFile.PrivateDecryptData32(System.Byte[],System.Int32,System.Byte[],System.Int32,System.Int32@)">
            <summary>
            私用解密
            </summary>
            <param name="encryptoedData">需要解密的数据</param>
            <param name="lenData">数据长度</param>
            <param name="keyData">密钥</param>
            <param name="lenKeyData">密钥长度</param>
            <param name="outDataSize">返回数据大小(BYTE)</param>
            <returns></returns>
        </member>
        <member name="M:ACloudFileFormat.DataCompressFile.PublicDecryptData32(System.Byte[],System.Int32,System.String,System.Int32@)">
            <summary>
            公用解密
            </summary>
            <param name="dataToDecrypt">需要解密的数据</param>
            <param name="lenData">数据长度</param>
            <param name="decryptKey">密码</param>
            <param name="outDataSize">返回数据大小(BYTE)</param>
            <returns></returns>
        </member>
        <member name="M:ACloudFileFormat.DataCompressFile.IsRightFinger32(System.Byte[],System.Int32)">
            <summary>
            密钥数据是否正确
            </summary>
            <param name="keyData">密钥数据</param>
            <param name="lenKeyData">密钥数据长度</param>
            <returns></returns>
        </member>
        <member name="M:ACloudFileFormat.DataCompressFile.PublicEncryptData64(System.Byte[],System.Int32,System.String,System.Int32@)">
            <summary>
            公用加密
            </summary>
            <param name="dataToEncrypt">需要加密的数据</param>
            <param name="lenData">数据长度</param>
            <param name="encryptKey">密码</param>
            <param name="outDataSize">返回数据大小(BYTE)</param>
            <returns></returns>
        </member>
        <member name="M:ACloudFileFormat.DataCompressFile.PrivateDecryptData64(System.Byte[],System.Int32,System.Byte[],System.Int32,System.Int32@)">
            <summary>
            私用解密
            </summary>
            <param name="encryptoedData">需要解密的数据</param>
            <param name="lenData">数据长度</param>
            <param name="keyData">密钥</param>
            <param name="lenKeyData">密钥长度</param>
            <param name="outDataSize">返回数据大小(BYTE)</param>
            <returns></returns>
        </member>
        <member name="M:ACloudFileFormat.DataCompressFile.PublicDecryptData64(System.Byte[],System.Int32,System.String,System.Int32@)">
            <summary>
            公用解密
            </summary>
            <param name="dataToDecrypt">需要解密的数据</param>
            <param name="lenData">数据长度</param>
            <param name="decryptKey">密码</param>
            <param name="outDataSize">返回数据大小(BYTE)</param>
            <returns></returns>
        </member>
        <member name="M:ACloudFileFormat.DataCompressFile.IsRightFinger64(System.Byte[],System.Int32)">
            <summary>
            密钥数据是否正确
            </summary>
            <param name="keyData">密钥数据</param>
            <param name="lenKeyData">密钥数据长度</param>
            <returns></returns>
        </member>
        <member name="M:ACloudFileFormat.DataCompressFile.EncryptData(System.Byte[],System.String)">
            <summary>
            公用加密
            </summary>
            <param name="dataToEncrypt">需要加密的数据</param>
            <param name="encryptKey">密码</param>
            <returns></returns>
        </member>
        <member name="M:ACloudFileFormat.DataCompressFile.DecryptData(System.Byte[],System.String,System.Byte[])">
            <summary>
            公用解密
            </summary>
            <param name="dataToDecrypt">需要解密的数据</param>
            <param name="decryptKey">密码</param>
            <returns></returns>
        </member>
        <member name="M:ACloudFileFormat.DataCompressFile.IsRightFinger(System.Byte[])">
            <summary>
            密钥数据是否正确
            </summary>
            <param name="keyData">密钥数据</param>
            <returns></returns>
        </member>
        <member name="F:ACloudFileFormat.DataCompressFile.diskFileStream">
            <summary>
            磁盘文件
            </summary>
        </member>
        <member name="F:ACloudFileFormat.DataCompressFile.zipObject">
            <summary>
            压缩算法接口
            </summary>
        </member>
        <member name="F:ACloudFileFormat.DataCompressFile.zipDataStartPos">
            <summary>
            压缩数据起始位置
            </summary>
        </member>
        <member name="F:ACloudFileFormat.DataCompressFile.passWord">
            <summary>
            压缩文件密码
            </summary>
        </member>
        <member name="F:ACloudFileFormat.DataCompressFile.keyData">
            <summary>
            keyData中内置解压密码，通过finger解码keyData获得密码
            </summary>
        </member>
        <member name="M:ACloudFileFormat.DataCompressFile.Create(System.String,System.String)">
            <summary>
            创建压缩文件
            </summary>
            <param name="diskFile">压缩文件名</param>
            <param name="password">压缩密码(缺省=NULL)</param>
        </member>
        <member name="M:ACloudFileFormat.DataCompressFile.AddFile(System.String,System.String)">
            <summary>
            添加文件到压缩文件
            </summary>
            <param name="sourceFile">要添加的文件名</param>
            <param name="destFile">目标文件名</param>
        </member>
        <member name="M:ACloudFileFormat.DataCompressFile.AddString(System.String,System.String)">
            <summary>
            向压缩文件中添加字符串
            </summary>
        </member>
        <member name="M:ACloudFileFormat.DataCompressFile.AddBytes(System.Byte[],System.String)">
            <summary>
            向压缩文件中添加Byte[]
            </summary>
        </member>
        <member name="M:ACloudFileFormat.DataCompressFile.Close">
            <summary>
            关闭并保存压缩文件
            </summary>
        </member>
        <member name="M:ACloudFileFormat.DataCompressFile.Open(System.String,System.String,System.Byte[])">
            <summary>
            打开压缩文件
            </summary>
            <param name="diskFile">压缩文件名</param>
            <param name="password">解压密码</param>
            <returns></returns>
        </member>
        <member name="M:ACloudFileFormat.DataCompressFile.ReadBytes(System.String)">
            <summary>
            解压一个文件
            </summary>
            <param name="zipedFileName">压缩文件中的文件名</param>
            <returns>解压缩的文件内容</returns>
        </member>
        <member name="M:ACloudFileFormat.DataCompressFile.ReadFile(System.String,System.String)">
            <summary>
            读取压缩文件并保存到磁盘
            </summary>
            <param name="zipedFile">压缩文件中的文件名</param>
            <param name="saveFile">要保存的文件名</param>
        </member>
        <member name="M:ACloudFileFormat.DataCompressFile.ReadString(System.String)">
            <summary>
            读取压缩文件中的文本文件
            </summary>
            <param name="zipedFile">压缩文件中的文件名</param>
        </member>
        <member name="M:ACloudFileFormat.DataCompressFile.CopyAndFreeIntptr(System.IntPtr@,System.Int32)">
            <summary>
            从内存指针中拷贝数据，并且释放内存
            </summary>
            <param name="dataPt">内存指针</param>
            <param name="dataSize">数据大小</param>
        </member>
        <member name="T:ACloudFileFormat.FileFormat">
            <summary>
            光谱文件格式
            </summary>
        </member>
        <member name="M:ACloudFileFormat.FileFormat.SaveFile(System.String,ACloudFileFormat.FileFormat.EnumFileType)">
            <summary>
            将FileFormat保存到文件
            </summary>
            <param name="filename">需要保存的文件名</param>
            <param name="filetype">光谱文件格式(缺省SPC)</param>
            <returns></returns>
        </member>
        <member name="M:ACloudFileFormat.FileFormat.SaveFile(ACloudFileFormat.FileFormat.EnumFileType)">
            <summary>
            将FileFormat保存到数组
            </summary>
            <param name="filetype">光谱文件格式(缺省SPC)</param>
            <returns></returns>
        </member>
        <member name="M:ACloudFileFormat.FileFormat.AddData(System.Double[],System.Double[],ACloudFileFormat.FileFormat.SPECTYPE,ACloudFileFormat.FileFormat.XAXISTYPE,ACloudFileFormat.FileFormat.YAXISTYPE)">
            <summary>
            添加X轴和Y轴数据
            </summary>
            <param name="newXDatas">X轴数据</param>
            <param name="newYDatas">Y轴数据</param>
            <param name="dataType">Y轴数据类型</param>
        </member>
        <member name="M:ACloudFileFormat.FileFormat.AddData(System.Double[],ACloudFileFormat.FileFormat.YAXISTYPE)">
            <summary>
            添加统一格式的Y轴数据（已经添加了其它数据）
            </summary>
            <param name="newYDatas">Y轴数据</param>
            <param name="dataType">Y轴数据类型</param>
        </member>
        <member name="M:ACloudFileFormat.FileFormat.AddData(System.Double,System.Double,System.Double[],ACloudFileFormat.FileFormat.SPECTYPE,ACloudFileFormat.FileFormat.XAXISTYPE,ACloudFileFormat.FileFormat.YAXISTYPE)">
            <summary>
            添加均匀X轴的Y轴数据（没有添加了其它数据）
            </summary>
        </member>
        <member name="M:ACloudFileFormat.FileFormat.SaveFile(System.Double,System.Double,System.Double,System.Double[],ACloudFileFormat.FileFormat.EnumFileType,ACloudFileFormat.FileFormat.SPECTYPE,ACloudFileFormat.FileFormat.YAXISTYPE,ACloudFileFormat.FileFormat.XAXISTYPE)">
            <summary>
            简单创建光谱文件
            </summary>
            <param name="firstX">起始波数</param>
            <param name="lastX">结束波数</param>
            <param name="resolution">分辨率</param>
            <param name="yDatas">Y值</param>
            <param name="filetype">文件格式</param>
            <param name="spectype">光谱类型</param>
            <param name="ytype">Y轴类型</param>
            <param name="xtype">X轴类型</param>
            <returns>创建的文件数据</returns>
        </member>
        <member name="P:ACloudFileFormat.FileFormat.ErrorString">
            <summary>
            错误信息
            </summary>
        </member>
        <member name="P:ACloudFileFormat.FileFormat.dataInfoList">
            <summary>
            数据参数
            </summary>
        </member>
        <member name="P:ACloudFileFormat.FileFormat.dataInfo">
            <summary>
            缺省的光谱数据信息
            </summary>
        </member>
        <member name="P:ACloudFileFormat.FileFormat.fileInfo">
            <summary>
            文件参数
            </summary>
        </member>
        <member name="P:ACloudFileFormat.FileFormat.acquisitionInfo">
            <summary>
            采集参数
            </summary>
        </member>
        <member name="P:ACloudFileFormat.FileFormat.xDataList">
            <summary>
            X轴数据,如果xDataList.Count > 1，那么必须=yDataList.Count
            </summary>
        </member>
        <member name="P:ACloudFileFormat.FileFormat.xDatas">
            <summary>
            缺省的X轴数据
            </summary>
        </member>
        <member name="P:ACloudFileFormat.FileFormat.yDataList">
            <summary>
            Y轴数据，如果xDataList.count==1，那么所有yDatas的数据点数量必须相同
            </summary>
        </member>
        <member name="P:ACloudFileFormat.FileFormat.yDatas">
            <summary>
            缺省的Y轴数据
            </summary>
        </member>
        <member name="P:ACloudFileFormat.FileFormat.additionalData">
            <summary>
            文件附加数据，比如样品信息，结果信息，由调用程序来解析
            </summary>
        </member>
        <member name="T:ACloudFileFormat.FileFormat.EnumFileType">
            <summary>
            OPUS:Bruker格式，SPC:EssentialIR格式，JCAMP:JCAMP-DX格式, DPT:Data Table格式, SPA:Thermo格式，SP:PE格式
            </summary>
        </member>
        <member name="T:ACloudFileFormat.FileFormat.FileInfo">
            <summary>
            文件信息
            </summary>
        </member>
        <member name="P:ACloudFileFormat.FileFormat.FileInfo.filename">
            <summary>
            文件名
            </summary>
        </member>
        <member name="P:ACloudFileFormat.FileFormat.FileInfo.createTime">
            <summary>
            创建时间
            </summary>
        </member>
        <member name="P:ACloudFileFormat.FileFormat.FileInfo.resolution">
            <summary>
            分辨率
            </summary>
        </member>
        <member name="P:ACloudFileFormat.FileFormat.FileInfo.xType">
            <summary>
            X轴坐标类型(1/CM...)
            </summary>
        </member>
        <member name="P:ACloudFileFormat.FileFormat.FileInfo.specType">
            <summary>
            光谱类型（近红外、中红外、拉曼...)
            </summary>
        </member>
        <member name="P:ACloudFileFormat.FileFormat.FileInfo.dataCount">
            <summary>
            光谱点数量
            </summary>
        </member>
        <member name="P:ACloudFileFormat.FileFormat.FileInfo.fileMemo">
            <summary>
            文件描述
            </summary>
        </member>
        <member name="P:ACloudFileFormat.FileFormat.FileInfo.instDescription">
            <summary>
            仪器描述
            </summary>
        </member>
        <member name="P:ACloudFileFormat.FileFormat.FileInfo.modifyFlag">
            <summary>
            文件修改标志
            </summary>
        </member>
        <member name="P:ACloudFileFormat.FileFormat.FileInfo.zType">
            <summary>
            Z轴类型
            </summary>
        </member>
        <member name="P:ACloudFileFormat.FileFormat.FileInfo.fzinc">
            <summary>
            Z轴步长
            </summary>
        </member>
        <member name="P:ACloudFileFormat.FileFormat.FileInfo.fspare">
            <summary>
            光谱处理参数（主要用于Raman Shift系数）
            </summary>
        </member>
        <member name="T:ACloudFileFormat.FileFormat.DataInfo">
            <summary>
            数据信息
            </summary>
        </member>
        <member name="F:ACloudFileFormat.FileFormat.DataInfo.firstX">
            <summary>
            开始波数
            </summary>
        </member>
        <member name="F:ACloudFileFormat.FileFormat.DataInfo.lastX">
            <summary>
            结束波数
            </summary>
        </member>
        <member name="F:ACloudFileFormat.FileFormat.DataInfo.maxYValue">
            <summary>
            最大Y值
            </summary>
        </member>
        <member name="F:ACloudFileFormat.FileFormat.DataInfo.minYValue">
            <summary>
            最小Y值
            </summary>
        </member>
        <member name="F:ACloudFileFormat.FileFormat.DataInfo.dataType">
            <summary>
            数据类型(吸收谱, 干涉图...)
            </summary>
        </member>
        <member name="T:ACloudFileFormat.FileFormat.AcquisitionInfo">
            <summary>
            采集信息
            </summary>
        </member>
        <member name="M:ACloudFileFormat.FileFormat.AcquisitionInfo.ToSPCLogData">
            <summary>
            生成Acquisition Log Data
            </summary>
            <returns></returns>
        </member>
        <member name="P:ACloudFileFormat.FileFormat.AcquisitionInfo.SCANS">
            <summary>
            Number of co-added scans
            </summary>
        </member>
        <member name="P:ACloudFileFormat.FileFormat.AcquisitionInfo.SCANSBG">
            <summary>
            Number of co-added scans in background file
            </summary>
        </member>
        <member name="P:ACloudFileFormat.FileFormat.AcquisitionInfo.NAMEBG">
            <summary>
            Background spectrum filename
            </summary>
        </member>
        <member name="P:ACloudFileFormat.FileFormat.AcquisitionInfo.GAIN">
            <summary>
            Detector Gain Factor
            </summary>
        </member>
        <member name="P:ACloudFileFormat.FileFormat.AcquisitionInfo.SPEED">
            <summary>
            Scan Speed or Velocity text
            </summary>
        </member>
        <member name="P:ACloudFileFormat.FileFormat.AcquisitionInfo.VELOCITY">
            <summary>
             Scan Speed or Velocity number
            </summary>
        </member>
        <member name="P:ACloudFileFormat.FileFormat.AcquisitionInfo.LWN">
            <summary>
            Laser Wavenumber
            </summary>
        </member>
        <member name="P:ACloudFileFormat.FileFormat.AcquisitionInfo.RAMANFREQ">
            <summary>
            Raman Laser Frequency
            </summary>
        </member>
        <member name="P:ACloudFileFormat.FileFormat.AcquisitionInfo.RAMANPWR">
            <summary>
            Raman Laser Power
            </summary>
        </member>
        <member name="P:ACloudFileFormat.FileFormat.AcquisitionInfo.JSTOP">
            <summary>
            J-Stop aperture width
            </summary>
        </member>
        <member name="P:ACloudFileFormat.FileFormat.AcquisitionInfo.BSTOP">
            <summary>
            B-Stop aperture width
            </summary>
        </member>
        <member name="P:ACloudFileFormat.FileFormat.AcquisitionInfo.DET">
            <summary>
            Detector type name
            </summary>
        </member>
        <member name="P:ACloudFileFormat.FileFormat.AcquisitionInfo.SRC">
            <summary>
            Source type name
            </summary>
        </member>
        <member name="P:ACloudFileFormat.FileFormat.AcquisitionInfo.BSPLITTER">
            <summary>
            Beam Splitter name
            </summary>
        </member>
        <member name="P:ACloudFileFormat.FileFormat.AcquisitionInfo.PURGE">
            <summary>
            Purge Delay before scanning
            </summary>
        </member>
        <member name="P:ACloudFileFormat.FileFormat.AcquisitionInfo.ZFF">
            <summary>
            Zero Filling Factor
            </summary>
        </member>
        <member name="P:ACloudFileFormat.FileFormat.AcquisitionInfo.IRMODE">
            <summary>
            FTIR Laser Sampling Frequency and Raman Mode 2 = Mid-IR mode 1 = Near-IR mode -2 = Raman-shift
            </summary>
        </member>
        <member name="P:ACloudFileFormat.FileFormat.AcquisitionInfo.APOD">
            <summary>
            Apodization function type name， "None" (boxcar apodization) "Triangular" "Weak" Norton-Beer "Medium" Norton-Beer "Strong" Norton-Beer "Happ-Genzel" "Bessel" "Cosine" "Filler" "Kaiser" Bessel "Gaussian" "Tradezoidal"
            </summary>
        </member>
        <member name="P:ACloudFileFormat.FileFormat.AcquisitionInfo.PHASE">
            <summary>
            Phase correction type name，"Self" "Magnitude" "Background" "Stored Phase" "None"
            </summary>
        </member>
        <member name="P:ACloudFileFormat.FileFormat.AcquisitionInfo.PHASEPTS">
            <summary>
            Number of interferogram points used for phase correction
            </summary>
        </member>
        <member name="P:ACloudFileFormat.FileFormat.AcquisitionInfo.IGRAMSIDE">
            <summary>
            nterferogram mode name: "Double" sided "Single" sided "Left" single sided "Right" single sided
            </summary>
        </member>
        <member name="P:ACloudFileFormat.FileFormat.AcquisitionInfo.IGRAMDIR">
            <summary>
            Interferogram collection direction name: "Bi" interferometer scans in both direction "Uni" interferometer scans in one direction "Forward" uni-directional "Reverse" uni-directional
            </summary>
        </member>
        <member name="P:ACloudFileFormat.FileFormat.AcquisitionInfo.POLARIZER">
            <summary>
            Polarizer Angle
            </summary>
        </member>
        <member name="P:ACloudFileFormat.FileFormat.AcquisitionInfo.LOWPASS">
            <summary>
            Low Pass Filter Cutoff
            </summary>
        </member>
        <member name="P:ACloudFileFormat.FileFormat.AcquisitionInfo.HIGHPASS">
            <summary>
            High Pass Filter Cutoff
            </summary>
        </member>
        <member name="P:ACloudFileFormat.FileFormat.AcquisitionInfo.FILTER">
            <summary>
            Optical Filter Name
            </summary>
        </member>
        <member name="P:ACloudFileFormat.FileFormat.AcquisitionInfo.SMOOTH">
            <summary>
            Number of averaged readings per data point
            </summary>
        </member>
        <member name="P:ACloudFileFormat.FileFormat.AcquisitionInfo.BEAM">
            <summary>
            Single beam mode name: "Sample" (Does not replace existing background). “Background" for future ratioing with sample.
            </summary>
        </member>
        <member name="P:ACloudFileFormat.FileFormat.AcquisitionInfo.AVGTIME">
            <summary>
            Time for A/D averaging of each point reading (msec). If the A/D has a fixed time and point readings are averaged, then this time should be divided by the approximate A/D time to get the number of readings.
            </summary>
        </member>
        <member name="P:ACloudFileFormat.FileFormat.AcquisitionInfo.BDELAY">
            <summary>
            Begin delay in seconds
            </summary>
        </member>
        <member name="P:ACloudFileFormat.FileFormat.AcquisitionInfo.SDELAY">
            <summary>
            Scan delay in seconds
            </summary>
        </member>
        <member name="P:ACloudFileFormat.FileFormat.AcquisitionInfo.CHANNEL">
            <summary>
            Detector or beam path channel used for acquisition
            </summary>
        </member>
        <member name="T:ACloudFileFormat.FileFormat.enumIRMODE">
            <summary>
            光谱类型
            </summary>
        </member>
        <member name="T:ACloudFileFormat.FileFormat.SPECTYPE">
            <summary>
            fexper 光谱类型(红外，近红外，拉曼...)
            </summary>
        </member>
        <member name="T:ACloudFileFormat.FileFormat.XAXISTYPE">
            <summary>
            fxtype X坐标类型
            </summary>
        </member>
        <member name="T:ACloudFileFormat.FileFormat.YAXISTYPE">
            <summary>
            fytype Y坐标类型
            </summary>
        </member>
        <member name="F:ACloudFileFormat.FileFormat.YAXISTYPE.YARB">
            <summary>
            Arbitrary Intensity
            </summary>
        </member>
        <member name="F:ACloudFileFormat.FileFormat.YAXISTYPE.YIGRAM">
            <summary>
            Interferogram
            </summary>
        </member>
        <member name="F:ACloudFileFormat.FileFormat.YAXISTYPE.YABSRB">
            <summary>
            Absorbance
            </summary>
        </member>
        <member name="F:ACloudFileFormat.FileFormat.YAXISTYPE.YKMONK">
            <summary>
            Kubelka-Monk
            </summary>
        </member>
        <member name="F:ACloudFileFormat.FileFormat.YAXISTYPE.YCOUNT">
            <summary>
            Counts
            </summary>
        </member>
        <member name="F:ACloudFileFormat.FileFormat.YAXISTYPE.YVOLTS">
            <summary>
            Volts
            </summary>
        </member>
        <member name="F:ACloudFileFormat.FileFormat.YAXISTYPE.YDEGRS">
            <summary>
            Degrees
            </summary>
        </member>
        <member name="F:ACloudFileFormat.FileFormat.YAXISTYPE.YAMPS">
            <summary>
            Milliamps
            </summary>
        </member>
        <member name="F:ACloudFileFormat.FileFormat.YAXISTYPE.YMETERS">
            <summary>
            Millimeters
            </summary>
        </member>
        <member name="F:ACloudFileFormat.FileFormat.YAXISTYPE.YMVOLTS">
            <summary>
            Millivolts
            </summary>
        </member>
        <member name="F:ACloudFileFormat.FileFormat.YAXISTYPE.YLOGDR">
            <summary>
            Log(1/R)
            </summary>
        </member>
        <member name="F:ACloudFileFormat.FileFormat.YAXISTYPE.YPERCNT">
            <summary>
            Percent
            </summary>
        </member>
        <member name="F:ACloudFileFormat.FileFormat.YAXISTYPE.YINTENS">
            <summary>
            Intensity
            </summary>
        </member>
        <member name="F:ACloudFileFormat.FileFormat.YAXISTYPE.YRELINT">
            <summary>
            Relative Intensity
            </summary>
        </member>
        <member name="F:ACloudFileFormat.FileFormat.YAXISTYPE.YENERGY">
            <summary>
            Energy
            </summary>
        </member>
        <member name="F:ACloudFileFormat.FileFormat.YAXISTYPE.YDECBL">
            <summary>
            Decibel
            </summary>
        </member>
        <member name="F:ACloudFileFormat.FileFormat.YAXISTYPE.YDEGRF">
            <summary>
            Temperature (F)
            </summary>
        </member>
        <member name="F:ACloudFileFormat.FileFormat.YAXISTYPE.YDEGRC">
            <summary>
            Temperature (C)
            </summary>
        </member>
        <member name="F:ACloudFileFormat.FileFormat.YAXISTYPE.YDEGRK">
            <summary>
            Temperature (K)
            </summary>
        </member>
        <member name="F:ACloudFileFormat.FileFormat.YAXISTYPE.YINDRF">
            <summary>
            Index of Refraction [N]
            </summary>
        </member>
        <member name="F:ACloudFileFormat.FileFormat.YAXISTYPE.YEXTCF">
            <summary>
            Extinction Coeff. [K]
            </summary>
        </member>
        <member name="F:ACloudFileFormat.FileFormat.YAXISTYPE.YREAL">
            <summary>
            Real
            </summary>
        </member>
        <member name="F:ACloudFileFormat.FileFormat.YAXISTYPE.YIMAG">
            <summary>
            Imaginary
            </summary>
        </member>
        <member name="F:ACloudFileFormat.FileFormat.YAXISTYPE.YCMPLX">
            <summary>
            Complex
            </summary>
        </member>
        <member name="F:ACloudFileFormat.FileFormat.YAXISTYPE.YTRANS">
            <summary>
            Transmission
            </summary>
        </member>
        <member name="F:ACloudFileFormat.FileFormat.YAXISTYPE.YREFLEC">
            <summary>
            Reflectance
            </summary>
        </member>
        <member name="F:ACloudFileFormat.FileFormat.YAXISTYPE.YVALLEY">
            <summary>
            Single Beam with Valley Peaks
            </summary>
        </member>
        <member name="F:ACloudFileFormat.FileFormat.YAXISTYPE.YEMISN">
            <summary>
            Emission
            </summary>
        </member>
        <member name="F:ACloudFileFormat.FileFormat.YAXISTYPE.YATR">
            <summary>
            OPUS ATR
            </summary>
        </member>
        <member name="F:ACloudFileFormat.FileFormat.YAXISTYPE.YSCRF">
            <summary>
            OPUS SCRF
            </summary>
        </member>
        <member name="F:ACloudFileFormat.FileFormat.YAXISTYPE.YSCSM">
            <summary>
            OPUS SCSM
            </summary>
        </member>
        <member name="F:ACloudFileFormat.FileFormat.YAXISTYPE.YIGRF">
            <summary>
            OPUS IGRF
            </summary>
        </member>
        <member name="F:ACloudFileFormat.FileFormat.YAXISTYPE.YIGSM">
            <summary>
            OPUS IGSM
            </summary>
        </member>
        <member name="F:ACloudFileFormat.FileFormat.YAXISTYPE.YRPXL">
            <summary>
            RAMAN PIXEL
            </summary>
        </member>
        <member name="T:ACloudFileFormat.FileFormat.ZAXISTYPE">
            <summary>
            Z坐标类型
            </summary>
        </member>
        <member name="M:ACloudFileFormat.OPUSFileFormat.OPUSIsOPUSFile32(System.Byte[],System.Int32)">
            <summary>
            是否为OPUS文件
            </summary>
            <param name="fileData">文件数据</param>
            <param name="fileSize">文件大小</param>
        </member>
        <member name="M:ACloudFileFormat.OPUSFileFormat.OPUSGetAcquisitionParameter32(System.Byte[],System.Int32)">
            <summary>
            获取采集参数
            </summary>
            <param name="fileData">文件数据</param>
            <param name="fileSize">文件大小</param>
            <returns>AcquisitionPara</returns>
        </member>
        <member name="M:ACloudFileFormat.OPUSFileFormat.OPUSGetInstrumentParameter32(System.Byte[],System.Int32)">
            <summary>
            获取仪器参数
            </summary>
            <param name="fileData">文件数据</param>
            <param name="fileSize">文件大小</param>
            <returns>InstrumentPara</returns>
        </member>
        <member name="M:ACloudFileFormat.OPUSFileFormat.OPUSGetFTParameter32(System.Byte[],System.Int32)">
            <summary>
            获取仪器参数
            </summary>
            <param name="fileData">文件数据</param>
            <param name="fileSize">文件大小</param>
            <returns>FTPara</returns>
        </member>
        <member name="M:ACloudFileFormat.OPUSFileFormat.OPUSGetSpectrumCount32(System.Byte[],System.Int32)">
            <summary>
            获取光谱数量
            </summary>
            <param name="fileData">文件数据</param>
            <param name="fileSize">文件大小</param>
            <returns>光谱数量</returns>
        </member>
        <member name="M:ACloudFileFormat.OPUSFileFormat.OPUSGetDataParameter32(System.Byte[],System.Int32,System.UInt32)">
            <summary>
            获取数据参数
            </summary>
            <param name="fileData">文件数据</param>
            <param name="fileSize">文件大小</param>
            <param name="dataType">光谱类型(AB, SmSc, RfSc, IgSm, IgRf..)</param>
            <returns>DataPara</returns>
        </member>
        <member name="M:ACloudFileFormat.OPUSFileFormat.OPUSGetYDatas32(System.Byte[],System.Int32,System.UInt32,System.Int32,System.Double,System.Int32@)">
            <summary>
            获取光谱数据
            </summary>
            <param name="fileData">文件数据</param>
            <param name="fileSize">文件大小</param>
            <param name="dataType">光谱类型(AB, SmSc, RfSc, IgSm, IgRf..)</param>
            <param name="outDataSize">返回数据的数量(double)</param>
            <param name="valueType">值的类型(1=float, 2=int)</param>
            <param name="yFactor">Y轴放大系数</param>
            <returns>double[]</returns>
        </member>
        <member name="M:ACloudFileFormat.OPUSFileFormat.OPUSCreateFile32(ACloudFileFormat.OPUSFileFormat.InstrumentPara@,ACloudFileFormat.OPUSFileFormat.AcquisitionPara@,ACloudFileFormat.OPUSFileFormat.FTPara@,System.Int32,System.Byte[],System.Double[],System.Byte[],System.Int32,System.Int32@)">
            <summary>
            创建OPUS文件
            </summary>
            <param name="instPara">仪器参数</param>
            <param name="acquPara">采集参数</param>
            <param name="ftPara">FT变换参数</param>
            <param name="specCount">光谱数量</param>
            <param name="dataPara">光谱参数(与specCount相等，里面包括每条光谱的参数类型和光谱类型)</param>
            <param name="yDatas">(一个或多个)Y轴数据，每组数据数量与对应的dataPara->NPT相等</param>
            <param name="logBinary">私有信息</param>
            <param name="logBinarySize">私有信息大小</param>
            <param name="outDataSize">返回数据大小（BYTE）</param>
            <returns>OPUS格式数据BYTE</returns>
        </member>
        <member name="M:ACloudFileFormat.OPUSFileFormat.OPUSIsOPUSFile64(System.Byte[],System.Int32)">
            <summary>
            是否为OPUS文件
            </summary>
            <param name="fileData">文件数据</param>
            <param name="fileSize">文件大小</param>
        </member>
        <member name="M:ACloudFileFormat.OPUSFileFormat.OPUSGetAcquisitionParameter64(System.Byte[],System.Int32)">
            <summary>
            获取采集参数
            </summary>
            <param name="fileData">文件数据</param>
            <param name="fileSize">文件大小</param>
            <returns>AcquisitionPara</returns>
        </member>
        <member name="M:ACloudFileFormat.OPUSFileFormat.OPUSGetInstrumentParameter64(System.Byte[],System.Int32)">
            <summary>
            获取仪器参数
            </summary>
            <param name="fileData">文件数据</param>
            <param name="fileSize">文件大小</param>
            <returns>InstrumentPara</returns>
        </member>
        <member name="M:ACloudFileFormat.OPUSFileFormat.OPUSGetFTParameter64(System.Byte[],System.Int32)">
            <summary>
            获取仪器参数
            </summary>
            <param name="fileData">文件数据</param>
            <param name="fileSize">文件大小</param>
            <returns>FTPara</returns>
        </member>
        <member name="M:ACloudFileFormat.OPUSFileFormat.OPUSGetSpectrumCount64(System.Byte[],System.Int32)">
            <summary>
            获取光谱数量
            </summary>
            <param name="fileData">文件数据</param>
            <param name="fileSize">文件大小</param>
            <returns>光谱数量</returns>
        </member>
        <member name="M:ACloudFileFormat.OPUSFileFormat.OPUSGetDataParameter64(System.Byte[],System.Int32,System.UInt32)">
            <summary>
            获取数据参数
            </summary>
            <param name="fileData">文件数据</param>
            <param name="fileSize">文件大小</param>
            <param name="dataType">光谱类型(AB, SmSc, RfSc, IgSm, IgRf..)</param>
            <returns>DataPara</returns>
        </member>
        <member name="M:ACloudFileFormat.OPUSFileFormat.OPUSGetYDatas64(System.Byte[],System.Int32,System.UInt32,System.Int32,System.Double,System.Int32@)">
            <summary>
            获取光谱数据
            </summary>
            <param name="fileData">文件数据</param>
            <param name="fileSize">文件大小</param>
            <param name="dataType">光谱类型(AB, SmSc, RfSc, IgSm, IgRf..)</param>
            <param name="outDataSize">返回数据的数量(double)</param>
            <param name="yFactor">Y轴放大系数</param>
            <returns>double[]</returns>
        </member>
        <member name="M:ACloudFileFormat.OPUSFileFormat.OPUSCreateFile64(ACloudFileFormat.OPUSFileFormat.InstrumentPara@,ACloudFileFormat.OPUSFileFormat.AcquisitionPara@,ACloudFileFormat.OPUSFileFormat.FTPara@,System.Int32,System.Byte[],System.Double[],System.Byte[],System.Int32,System.Int32@)">
            <summary>
            创建OPUS文件
            </summary>
            <param name="instPara">仪器参数</param>
            <param name="acquPara">采集参数</param>
            <param name="ftPara">FT变换参数</param>
            <param name="specCount">光谱数量</param>
            <param name="dataPara">光谱参数(与specCount相等，里面包括每条光谱的参数类型和光谱类型)</param>
            <param name="yDatas">(一个或多个)Y轴数据，每组数据数量与对应的dataPara->NPT相等</param>
            <param name="logBinary">私有信息</param>
            <param name="logBinarySize">私有信息大小</param>
            <param name="outDataSize">返回数据大小（BYTE）</param>
            <returns>OPUS格式数据BYTE</returns>
        </member>
        <member name="M:ACloudFileFormat.OPUSFileFormat.IsOPUSFile(System.Byte[],System.Int32)">
            <summary>
            是否为OPUS文件
            </summary>
            <param name="fileData">文件数据</param>
            <param name="fileSize">文件大小</param>
        </member>
        <member name="M:ACloudFileFormat.OPUSFileFormat.GetAcquisitionParameter(System.Byte[],System.Int32)">
            <summary>
            获取采集参数(DLY=int.MaxValue; 表示错误数据)
            </summary>
            <param name="fileData">文件数据</param>
            <param name="fileSize">文件大小</param>
            <returns>AcquisitionPara</returns>
        </member>
        <member name="M:ACloudFileFormat.OPUSFileFormat.GetInstrumentParameter(System.Byte[],System.Int32)">
            <summary>
            获取仪器参数（RSN = int.MaxValue 表示错误数据）
            </summary>
            <param name="fileData">文件数据</param>
            <param name="fileSize">文件大小</param>
            <returns>InstrumentPara</returns>
        </member>
        <member name="M:ACloudFileFormat.OPUSFileFormat.GetFTParameter(System.Byte[],System.Int32)">
            <summary>
            获取FT参数（PIP = int.MaxValue表示错误）
            </summary>
            <param name="fileData">文件数据</param>
            <param name="fileSize">文件大小</param>
            <returns>FTPara</returns>
        </member>
        <member name="M:ACloudFileFormat.OPUSFileFormat.GetSpectrumCount(System.Byte[],System.Int32)">
            <summary>
            获取光谱数量
            </summary>
            <param name="fileData">文件数据</param>
            <param name="fileSize">文件大小</param>
        </member>
        <member name="M:ACloudFileFormat.OPUSFileFormat.GetDataParameter(System.Byte[],System.Int32,System.UInt32)">
            <summary>
            获取光谱参数(NPT = int.MaxValue表示数据错误)
            </summary>
            <param name="fileData">文件数据</param>
            <param name="fileSize">文件大小</param>
            <param name="dataType">光谱类型</param>
            <returns>DataPara</returns>
        </member>
        <member name="M:ACloudFileFormat.OPUSFileFormat.GetYDatas(System.Byte[],System.Int32,System.UInt32,System.Int32,System.Double)">
            <summary>
            获取光谱参数
            </summary>
            <param name="fileData">文件数据</param>
            <param name="fileSize">文件大小</param>
            <param name="dataType">光谱类型</param>
            <param name="valueType">值的类型(1=float, 2=int)</param>
            <param name="yFactor">Y轴放大系数</param>
            <returns>DataPara</returns>
        </member>
        <member name="M:ACloudFileFormat.OPUSFileFormat.GenerateXDatas(System.Double,System.Double,System.Int32)">
            <summary>
            通过firstX和lastX构建xDatas
            </summary>
        </member>
        <member name="M:ACloudFileFormat.SPAFileFormat.SPAIsSPAFile32(System.Byte[],System.Int32)">
            <summary>
            是否为SPA文件
            </summary>
            <param name="fileData">文件数据</param>
            <param name="fileSize">文件大小</param>
        </member>
        <member name="M:ACloudFileFormat.SPAFileFormat.SPAGetXHeader32(System.Byte[],System.Int32,System.Int32@)">
            <summary>
            读取SPA X轴信息
            </summary>
            <param name="fileData">文件数据</param>
            <param name="fileSize">文件大小</param>
            <param name="outDataSize">返回数据大小(BYTE)</param>
            <returns>XHeader结构</returns>
        </member>
        <member name="M:ACloudFileFormat.SPAFileFormat.SPAGetFileTitle32(System.Byte[],System.Int32,System.Int32@)">
            <summary>
            读取SPA文件Title
            </summary>
            <param name="fileData">文件数据</param>
            <param name="fileSize">文件大小</param>
            <param name="outDataSize">返回数据大小(BYTE)</param>
            <returns>Title（字符串）</returns>
        </member>
        <member name="M:ACloudFileFormat.SPAFileFormat.SPAGetYDatas32(System.Byte[],System.Int32,System.Int32@)">
            <summary>
            读取Y轴数据
            </summary>
            <param name="fileData">文件数据</param>
            <param name="fileSize">文件大小</param>
            <param name="outDataSize">返回数据大小(double)</param>
            <returns>Y轴数据（double）</returns>
        </member>
        <member name="M:ACloudFileFormat.SPAFileFormat.SPAGetInstSN32(System.Byte[],System.Int32,System.Int32@)">
            <summary>
            读取光谱创建仪器序列号
            </summary>
            <param name="fileData">文件数据</param>
            <param name="fileSize">文件大小</param>
            <param name="outDataSize">返回数据大小(BYTE)</param>
            <returns>仪器序列号（string）</returns>
        </member>
        <member name="M:ACloudFileFormat.SPAFileFormat.SPAGetInstrumentHeader32(System.Byte[],System.Int32,System.Int32@)">
            <summary>
            读取仪器信息
            </summary>
            <param name="fileData">文件数据</param>
            <param name="fileSize">文件大小</param>
            <param name="outDataSize">返回数据大小(BYTE)</param>
            <returns>仪器信息</returns>
        </member>
        <member name="M:ACloudFileFormat.SPAFileFormat.SPACreateFile32(ACloudFileFormat.SPAFileFormat.SPAHeader@,ACloudFileFormat.SPAFileFormat.InstrumentHeader@,System.Double[],System.Byte[],System.Int32,System.String,System.Int32@)">
            <summary>
            创建SPA光谱文件
            </summary>
            <param name="xDataPara">X轴数据参数</param>
            <param name="instPara">仪器信息</param>
            <param name="yDatas">Y轴数据</param>
            <param name="fileTitle">文件描述</param>
            <param name="titleSize">文件描述大小(BYTE)</param>
            <param name="instSN">仪器序列号</param>
            <param name="outDataSize">返回数据大小(BYTE)</param>
            <returns>返回SPA格式数据(BYTE)</returns>
        </member>
        <member name="M:ACloudFileFormat.SPAFileFormat.SPAIsSPAFile64(System.Byte[],System.Int32)">
            <summary>
            是否为SPA文件
            </summary>
            <param name="fileData">文件数据</param>
            <param name="fileSize">文件大小</param>
        </member>
        <member name="M:ACloudFileFormat.SPAFileFormat.SPAGetXHeader64(System.Byte[],System.Int32,System.Int32@)">
            <summary>
            读取SPA X轴信息
            </summary>
            <param name="fileData">文件数据</param>
            <param name="fileSize">文件大小</param>
            <param name="outDataSize">返回数据大小(BYTE)</param>
            <returns>XHeader结构</returns>
        </member>
        <member name="M:ACloudFileFormat.SPAFileFormat.SPAGetFileTitle64(System.Byte[],System.Int32,System.Int32@)">
            <summary>
            读取SPA文件Title
            </summary>
            <param name="fileData">文件数据</param>
            <param name="fileSize">文件大小</param>
            <param name="outDataSize">返回数据大小(BYTE)</param>
            <returns>Title（字符串）</returns>
        </member>
        <member name="M:ACloudFileFormat.SPAFileFormat.SPAGetYDatas64(System.Byte[],System.Int32,System.Int32@)">
            <summary>
            读取Y轴数据
            </summary>
            <param name="fileData">文件数据</param>
            <param name="fileSize">文件大小</param>
            <param name="outDataSize">返回数据大小(double)</param>
            <returns>Y轴数据（double）</returns>
        </member>
        <member name="M:ACloudFileFormat.SPAFileFormat.SPAGetInstSN64(System.Byte[],System.Int32,System.Int32@)">
            <summary>
            读取光谱创建仪器序列号
            </summary>
            <param name="fileData">文件数据</param>
            <param name="fileSize">文件大小</param>
            <param name="outDataSize">返回数据大小(BYTE)</param>
            <returns>仪器序列号（string）</returns>
        </member>
        <member name="M:ACloudFileFormat.SPAFileFormat.SPAGetInstrumentHeader64(System.Byte[],System.Int32,System.Int32@)">
            <summary>
            读取仪器信息
            </summary>
            <param name="fileData">文件数据</param>
            <param name="fileSize">文件大小</param>
            <param name="outDataSize">返回数据大小(BYTE)</param>
            <returns>仪器信息</returns>
        </member>
        <member name="M:ACloudFileFormat.SPAFileFormat.SPACreateFile64(ACloudFileFormat.SPAFileFormat.SPAHeader@,ACloudFileFormat.SPAFileFormat.InstrumentHeader@,System.Double[],System.Byte[],System.Int32,System.String,System.Int32@)">
            <summary>
            创建SPA光谱文件
            </summary>
            <param name="xDataPara">X轴数据参数</param>
            <param name="instPara">仪器信息</param>
            <param name="yDatas">Y轴数据</param>
            <param name="fileTitle">文件描述</param>
            <param name="titleSize">文件描述大小(BYTE)</param>
            <param name="instSN">仪器序列号</param>
            <param name="outDataSize">返回数据大小(BYTE)</param>
            <returns>返回SPA格式数据(BYTE)</returns>
        </member>
        <member name="M:ACloudFileFormat.SPAFileFormat.IsSPAFile(System.Byte[],System.Int32)">
            <summary>
            是否为SPC文件
            </summary>
            <param name="fileData">文件数据</param>
            <param name="fileSize">文件大小</param>
        </member>
        <member name="M:ACloudFileFormat.SPAFileFormat.GetXHeader(System.Byte[],System.Int32)">
            <summary>
            读取SPC文件头
            </summary>
            <param name="fileData">文件数据</param>
            <param name="fileSize">文件大小</param>
            <returns>SPCHeader结构</returns>
        </member>
        <member name="M:ACloudFileFormat.SPAFileFormat.GetFileTitle(System.Byte[],System.Int32)">
            <summary>
            获取文件的Title
            </summary>
            <param name="fileData">文件数据</param>
            <param name="fileSize">文件大小</param>
        </member>
        <member name="M:ACloudFileFormat.SPAFileFormat.GetInstSN(System.Byte[],System.Int32)">
            <summary>
            获取文件的仪器序列号
            </summary>
            <param name="fileData">文件数据</param>
            <param name="fileSize">文件大小</param>
        </member>
        <member name="M:ACloudFileFormat.SPAFileFormat.GetYData(System.Byte[],System.Int32)">
            <summary>
            读取Y轴数据
            </summary>
            <param name="fileData"></param>
            <param name="fileSize"></param>
            <param name="subIndex"></param>
            <returns></returns>
        </member>
        <member name="M:ACloudFileFormat.SPAFileFormat.GetInstrumentHeader(System.Byte[],System.Int32)">
            <summary>
            读取仪器硬件参数
            </summary>
            <param name="fileData">文件数据</param>
            <param name="fileSize">文件大小</param>
            <returns>SPCHeader结构</returns>
        </member>
        <member name="M:ACloudFileFormat.SPAFileFormat.ReadFile(System.Byte[],System.Int32,ACloudFileFormat.FileFormat)">
            <summary>
            读取光谱文件
            </summary>
        </member>
        <member name="F:ACloudFileFormat.SPAFileFormat.InstrumentHeader.ADBits">
            <summary>
            数字化位数:  24
            </summary>
        </member>
        <member name="F:ACloudFileFormat.SPAFileFormat.InstrumentHeader.highFilter">
            <summary>
            高通滤波:  200.0000
            </summary>
        </member>
        <member name="F:ACloudFileFormat.SPAFileFormat.InstrumentHeader.lowFilter">
            <summary>
            低通滤波:  20000.0000
            </summary>
        </member>
        <member name="F:ACloudFileFormat.SPAFileFormat.InstrumentHeader.sampleGrain">
            <summary>
            样品增益1.0
            </summary>
        </member>
        <member name="F:ACloudFileFormat.SPAFileFormat.InstrumentHeader.speed">
            <summary>
            动镜速度:  1.2659
            </summary>
        </member>
        <member name="M:ACloudFileFormat.SPCFileFormat.SPCIsSPCFile32(System.Byte[],System.Int32)">
            <summary>
            是否为SPC文件
            </summary>
            <param name="fileData">文件数据</param>
            <param name="fileSize">文件大小</param>
        </member>
        <member name="M:ACloudFileFormat.SPCFileFormat.SPCGetMainHeader32(System.Byte[],System.Int32,System.Int32@)">
            <summary>
            读取SPC文件头
            </summary>
            <param name="fileData">文件数据</param>
            <param name="fileSize">文件大小</param>
            <param name="outDataSize">返回数据大小</param>
            <returns>SPCHeader结构</returns>
        </member>
        <member name="M:ACloudFileFormat.SPCFileFormat.SPCGetSubHeader32(System.Byte[],System.Int32,System.Int32,System.Int32@)">
            <summary>
            读取SPC子数据结构
            </summary>
            <param name="fileData">文件数据</param>
            <param name="fileSize">文件大小</param>
            <param name="subIndex">子数据序号</param>
            <param name="outDataSize">返回数据大小</param>
            <returns>SPCHeader结构</returns>
        </member>
        <member name="M:ACloudFileFormat.SPCFileFormat.SPCGetYDatas32(System.Byte[],System.Int32,System.Int32,System.Int32@)">
            <summary>
            读取Y轴数据
            </summary>
            <param name="fileData">文件数据</param>
            <param name="fileSize">文件大小</param>
            <param name="subIndex">子数据序号</param>
            <param name="outDataSize">返回数据大小</param>
            <returns>SPCHeader结构</returns>
        </member>
        <member name="M:ACloudFileFormat.SPCFileFormat.SPCGetXDatas32(System.Byte[],System.Int32,System.Int32,System.Int32@)">
            <summary>
            读取X轴数据
            </summary>
            <param name="fileData">文件数据</param>
            <param name="fileSize">文件大小</param>
            <param name="subIndex">子数据序号</param>
            <param name="outDataSize">返回数据大小</param>
            <returns>SPCHeader结构</returns>
        </member>
        <member name="M:ACloudFileFormat.SPCFileFormat.SPCGetLogText32(System.Byte[],System.Int32,System.Int32@)">
            <summary>
            获取SPC的文本Log数据
            </summary>
            <param name="fileData">文件数据</param>
            <param name="fileSize">文件大小</param>
            <param name="outDataSize">返回数据大小</param>
            <returns>Log数据</returns>
        </member>
        <member name="M:ACloudFileFormat.SPCFileFormat.SPCGetLogBinary32(System.Byte[],System.Int32,System.Int32@)">
            <summary>
            获取SPC的Binary Log数据
            </summary>
            <param name="fileData">文件数据</param>
            <param name="fileSize">文件大小</param>
            <param name="outDataSize">返回数据大小</param>
            <returns>Log数据</returns>
        </member>
        <member name="M:ACloudFileFormat.SPCFileFormat.SPCCreateFile32(ACloudFileFormat.SPCFileFormat.SPCHeader@,System.Byte[],System.Int32[],System.Single[],System.Single[],System.Byte[],System.Int32,System.Byte[],System.Int32,System.Int32@)">
            <summary>
            创建SPC格式数据，包含一个或多个subFile，X轴间距不等，由所有Y轴共享
            </summary>
            <param name="mainHeader">SPC文件头</param>
            <param name="subTypes">子数据类型（一个或者多个）</param>
            <param name="dataPoints">子数据的数据点数列表，长度等于mainHeader->fnsub，可以为NULL</param>
            <param name="xDatas">X轴数据，可以为NULL</param>
            <param name="yDatas">子数据（一个或者多个Y轴数据，每条数据长度=文件头的数据点数）</param>
            <param name="logBinary">附加数据</param>
            <param name="logBinarySize">附加数据长度</param>
            <param name="logText">光谱采集参数</param>
            <param name="logTextSize">采集参数长度</param>
            <param name="outDataSize">返回数据大小</param>
            <returns>SPC格式数据</returns>
        </member>
        <member name="M:ACloudFileFormat.SPCFileFormat.SPCIsSPCFile64(System.Byte[],System.Int32)">
            <summary>
            是否为SPC文件
            </summary>
            <param name="fileData">文件数据</param>
            <param name="fileSize">文件大小</param>
        </member>
        <member name="M:ACloudFileFormat.SPCFileFormat.SPCGetMainHeader64(System.Byte[],System.Int32,System.Int32@)">
            <summary>
            读取SPC文件头
            </summary>
            <param name="fileData">文件数据</param>
            <param name="fileSize">文件大小</param>
            <param name="outDataSize">返回数据大小</param>
            <returns>SPCHeader结构</returns>
        </member>
        <member name="M:ACloudFileFormat.SPCFileFormat.SPCGetSubHeader64(System.Byte[],System.Int32,System.Int32,System.Int32@)">
            <summary>
            读取SPC子数据结构
            </summary>
            <param name="fileData">文件数据</param>
            <param name="fileSize">文件大小</param>
            <param name="subIndex">子数据序号</param>
            <param name="outDataSize">返回数据大小</param>
            <returns>SPCHeader结构</returns>
        </member>
        <member name="M:ACloudFileFormat.SPCFileFormat.SPCGetYDatas64(System.Byte[],System.Int32,System.Int32,System.Int32@)">
            <summary>
            读取Y轴数据
            </summary>
            <param name="fileData">文件数据</param>
            <param name="fileSize">文件大小</param>
            <param name="subIndex">子数据序号</param>
            <param name="outDataSize">返回数据大小</param>
            <returns>SPCHeader结构</returns>
        </member>
        <member name="M:ACloudFileFormat.SPCFileFormat.SPCGetXDatas64(System.Byte[],System.Int32,System.Int32,System.Int32@)">
            <summary>
            读取X轴数据
            </summary>
            <param name="fileData">文件数据</param>
            <param name="fileSize">文件大小</param>
            <param name="subIndex">子数据序号</param>
            <param name="outDataSize">返回数据大小</param>
            <returns>SPCHeader结构</returns>
        </member>
        <member name="M:ACloudFileFormat.SPCFileFormat.SPCGetLogText64(System.Byte[],System.Int32,System.Int32@)">
            <summary>
            获取SPC的文本Log数据
            </summary>
            <param name="fileData">文件数据</param>
            <param name="fileSize">文件大小</param>
            <param name="outDataSize">返回数据大小</param>
            <returns>Log数据</returns>
        </member>
        <member name="M:ACloudFileFormat.SPCFileFormat.SPCGetLogBinary64(System.Byte[],System.Int32,System.Int32@)">
            <summary>
            获取SPC的Binary Log数据
            </summary>
            <param name="fileData">文件数据</param>
            <param name="fileSize">文件大小</param>
            <param name="outDataSize">返回数据大小</param>
            <returns>Log数据</returns>
        </member>
        <member name="M:ACloudFileFormat.SPCFileFormat.SPCCreateFile64(ACloudFileFormat.SPCFileFormat.SPCHeader@,System.Byte[],System.Int32[],System.Single[],System.Single[],System.Byte[],System.Int32,System.Byte[],System.Int32,System.Int32@)">
            <summary>
            创建SPC格式数据，包含一个或多个subFile，X轴间距不等，由所有Y轴共享
            </summary>
            <param name="mainHeader">SPC文件头</param>
            <param name="subTypes">子数据类型（一个或者多个）</param>
            <param name="xDatas">X轴数据，可以为NULL</param>
            <param name="yDatas">子数据（一个或者多个Y轴数据，每条数据长度=文件头的数据点数）</param>
            <param name="logBinary">附加数据</param>
            <param name="logBinarySize">附加数据长度</param>
            <param name="logText">光谱采集参数</param>
            <param name="logTextSize">采集参数长度</param>
            <param name="outDataSize">返回数据大小</param>
            <returns>SPC格式数据</returns>
        </member>
        <member name="M:ACloudFileFormat.SPCFileFormat.IsSPCFile(System.Byte[],System.Int32)">
            <summary>
            是否为SPC文件
            </summary>
            <param name="fileData">文件数据</param>
            <param name="fileSize">文件大小</param>
        </member>
        <member name="M:ACloudFileFormat.SPCFileFormat.GetMainHeader(System.Byte[],System.Int32)">
            <summary>
            读取SPC文件头
            </summary>
            <param name="fileData">文件数据</param>
            <param name="fileSize">文件大小</param>
            <returns>SPCHeader结构</returns>
        </member>
        <member name="M:ACloudFileFormat.SPCFileFormat.GetSubHeader(System.Byte[],System.Int32,System.Int32)">
            <summary>
            读取子数据的结构
            </summary>
            <param name="fileData">文件数据</param>
            <param name="fileSize">文件大小</param>
            <param name="subIndex">需要获取子结构的序号</param>
            <returns>子数据的结构</returns>
        </member>
        <member name="M:ACloudFileFormat.SPCFileFormat.GetYData(System.Byte[],System.Int32,System.Int32)">
            <summary>
            读取Y轴数据
            </summary>
            <param name="fileData"></param>
            <param name="fileSize"></param>
            <param name="subIndex"></param>
            <returns></returns>
        </member>
        <member name="M:ACloudFileFormat.SPCFileFormat.GetXData(System.Byte[],System.Int32,System.Int32)">
            <summary>
            读取X轴数据
            </summary>
        </member>
        <member name="M:ACloudFileFormat.SPCFileFormat.GetLogText(System.Byte[],System.Int32)">
            <summary>
            读取文本的LOG数据
            </summary>
        </member>
        <member name="M:ACloudFileFormat.SPCFileFormat.GetLogBinary(System.Byte[],System.Int32)">
            <summary>
            读取二进制的LOG数据
            </summary>
        </member>
        <member name="M:ACloudFileFormat.SPCFileFormat.CreateCommonXFile(ACloudFileFormat.SPCFileFormat.SPCHeader,System.Byte[],System.Int32[],System.Single[],System.Single[],System.Byte[],System.Byte[])">
            <summary>
            创建SPC文件
            </summary>
            <param name="mainHeader">文件结构</param>
            <param name="subTypes">子数据类型</param>
            <param name="dataPoints">各数据的数量</param>
            <param name="xDatas">X轴数据，可以为NULL</param>
            <param name="yDatas">Y轴数据，一条或者多条，列=mainHeader->fnpts, 行=subTypes.Length</param>
            <param name="logText">光谱采集参数</param>
            <param name="logBinary">私有数据</param>
            <returns>SPC内容</returns>
        </member>
        <member name="M:ACloudFileFormat.SPCFileFormat.ToSPCLogData(ACloudFileFormat.FileFormat.AcquisitionInfo)">
            <summary>
            生成Acquisition Log Data
            </summary>
            <returns></returns>
        </member>
    </members>
</doc>
