<?xml version="1.0"?>
<doc>
    <assembly>
        <name>ThermoInstrument</name>
    </assembly>
    <members>
        <member name="T:FTNirInterface.ThermoInstrument.ThermoInstrument">
            <summary>
            Thermo仪器操作
            </summary>
        </member>
        <member name="F:FTNirInterface.ThermoInstrument.ThermoInstrument.omTalkObject">
            <summary>
            omnic操作对象
            </summary>
        </member>
        <member name="F:FTNirInterface.ThermoInstrument.ThermoInstrument.ErrorMessage">
            <summary>
            错误消息
            </summary>
        </member>
        <member name="F:FTNirInterface.ThermoInstrument.ThermoInstrument.laserWaveNum">
            <summary>
            保存当前激光波数
            </summary>
        </member>
        <member name="F:FTNirInterface.ThermoInstrument.ThermoInstrument.ErrorCode">
            <summary>
            错误代码
            </summary>
        </member>
        <member name="F:FTNirInterface.ThermoInstrument.ThermoInstrument.maxXWavelength">
            <summary>
            最大X值
            </summary>
        </member>
        <member name="F:FTNirInterface.ThermoInstrument.ThermoInstrument.minXWavelength">
            <summary>
            最小X值
            </summary>
        </member>
        <member name="M:FTNirInterface.ThermoInstrument.ThermoInstrument.Connect">
            <summary>
            仪器连接
            </summary>
        </member>
        <member name="M:FTNirInterface.ThermoInstrument.ThermoInstrument.ReadScanPara(System.String)">
            <summary>
            获取扫描参数
            </summary>
            <param name="iniPath">配置文件路径</param>
        </member>
        <member name="M:FTNirInterface.ThermoInstrument.ThermoInstrument.InitOmnicTalk(System.Boolean)">
            <summary>
            加载Omnic
            </summary>
            <param name="forceReload"></param>
            <returns></returns>
        </member>
        <member name="M:FTNirInterface.ThermoInstrument.ThermoInstrument.Disconnect">
            <summary>
            断开仪器连接
            </summary>
        </member>
        <member name="M:FTNirInterface.ThermoInstrument.ThermoInstrument.GetError">
            <summary>
            获取错误信息
            </summary>
            <returns></returns>
        </member>
        <member name="M:FTNirInterface.ThermoInstrument.ThermoInstrument.ExecuteGetOMNIC(System.String)">
            <summary>
            执行一条GETOMNIC指令
            </summary>
            <param name="parameter"></param>
            <returns></returns>
        </member>
        <member name="M:FTNirInterface.ThermoInstrument.ThermoInstrument.TemperatureCalibrate(System.Double)">
            <summary>
            波数精度-聚苯乙烯-温度校正
            </summary>
            <param name="targetPeak"></param>
            <returns></returns>
        </member>
        <member name="M:FTNirInterface.ThermoInstrument.ThermoInstrument.ExecuteSetOMNIC(System.String,System.String)">
            <summary>
            执行一条GETOMNIC指令
            </summary>
            <param name="parameter">命令</param>
            <param name="value">参数</param>
            <returns></returns>
        </member>
        <member name="M:FTNirInterface.ThermoInstrument.ThermoInstrument.ExecuteCommandOMNIC(System.String)">
            <summary>
            执行OMNIC命令
            </summary>
            <param name="parameter"></param>
            <returns></returns>
        </member>
        <member name="M:FTNirInterface.ThermoInstrument.ThermoInstrument.GetLaserWavelength">
            <summary>
            获取激光波数
            </summary>
            <returns></returns>
        </member>
        <member name="M:FTNirInterface.ThermoInstrument.ThermoInstrument.SetLaserWavelength(System.Double,System.Double,System.Double@)">
            <summary>
            写入激光波数到仪器
            </summary>
            <param name="curPeak">当前峰位</param>
            <param name="targetPeak">目标峰位</param>
            <param name="curLaser">返回激光波数</param>
            <returns></returns>
        </member>
        <member name="M:FTNirInterface.ThermoInstrument.ThermoInstrument.SetScanParameter(System.Double,System.Double,System.Double,System.Int32,System.Int32,System.Int32,FTNirInterface.enumPhaseCorrection,FTNirInterface.enumApodization)">
            <summary>
            设置扫描参数
            </summary>
            <param name="resolution">分辨率</param>
            <param name="firstX">起始波数</param>
            <param name="lastX">结束波数</param>
            <param name="scanCount">扫描次数</param>
            <param name="Gain">增益</param>
            <param name="zeroFilling">填0因子</param>
            <param name="phaseCorrection">相位校正</param>
            <param name="apodization">截至函数</param>
            <returns></returns>
        </member>
        <member name="M:FTNirInterface.ThermoInstrument.ThermoInstrument.SaveSpectrumData(System.String)">
            <summary>
            保存光谱
            </summary>
            <param name="filename"></param>
            <returns></returns>
        </member>
        <member name="M:FTNirInterface.ThermoInstrument.ThermoInstrument.ScanSpectrum(System.String,System.Int32,System.String,System.Boolean)">
            <summary>
            扫描光谱
            </summary>
            <param name="scanMethodFile">扫描设置</param>
            <param name="scanCount">扫描次数</param>
            <param name="filename">保存的文件</param>
            <param name="isBackground">True=背景, False=样品</param>
            <returns></returns>
        </member>
        <member name="M:FTNirInterface.ThermoInstrument.ThermoInstrument.ScanBackground(System.String,System.Int32,System.String,System.String)">
            <summary>
            扫描背景
            </summary>
            <param name="scanMethodFile">扫描配置文件</param>
            <param name="scanCount">扫描次数</param>
            <param name="backgroundFile">背景保存文件</param>
            <param name="addPara">附件参数</param>
        </member>
        <member name="M:FTNirInterface.ThermoInstrument.ThermoInstrument.ScanSample(System.String,System.Int32,System.String,System.String)">
            <summary>
            扫描样品
            </summary>
            <param name="scanMethodFile">扫描配置文件</param>
            <param name="scanCount">扫描次数</param>
            <param name="sampleFile">样品保存文件</param>
            <param name="addPara">附加参数</param>
        </member>
        <member name="M:FTNirInterface.ThermoInstrument.ThermoInstrument.GetInstrumentInfo">
            <summary>
            获取仪器序列号
            </summary>
            <returns></returns>
        </member>
        <member name="M:FTNirInterface.ThermoInstrument.ThermoInstrument.ModifyIniFile``1(``0,System.String)">
            <summary>
            修改配置文件
            </summary>
            <typeparam name="T"></typeparam>
            <param name="scPara"></param>
            <param name="iniFilePath"></param>
            <returns></returns>
        </member>
        <member name="M:FTNirInterface.ThermoInstrument.ThermoInstrument.ReadSensors">
            <summary>
            读取传感器信息
            </summary>
            <returns></returns>
        </member>
    </members>
</doc>
